Score:,0,,,,,,,,,,,,,,,,,,,,
Date:,7/9/18,,,,,,,,,,,,,,,,,,,,
Time ended:,3:25,,,,,,,,,,,,,,,,,,,,
Initial:,LM,,,,,,,,,,,,,,,,,,,,
,,,,,,,,,,,,,,,,,,,,,
,,,,,,,,,,,,,,,,,,,,,
,,,,,,,,,,,,,,,,,,,,,
,,,,,,,,,,,,,,,,,,,,,
,,,,,,,,,,,,,,,,,,,,,
,,,,,,,,,,,,,,,,,,,,,
,,,,,,,,,,,,,,,,,,,,,
,,,,,,,,,,,,,,,,,,,,,
,,,,,,,,,,,,,,,,,,,,,
,,,,,,,,,,,,,,,,,,,,,
Score:,0,,,,,,,,,,,,,,,,,,,,
Date:,8/13/18,,,,,,,,,,,,,,,,,,,,
Time ended:,10:35,,,,,,,,,,,,,,,,,,,,
Initial:,GM,,,,,,,,,,,,,,,,,,,,
,,,,,,,,,,,,,,,,,,,,,
,,,,,,,,,,,,,,,,,,,,,
,,,,,,,,,,,,,,,,,,,,,
,,,,,,,,,,,,,,,,,,,,,
,,,,,,,,,,,,,,,,,,,,,
,,,,,,,,,,,,,,,,,,,,,
,,,,,,,,,,,,,,,,,,,,,
,,,,,,,,,,,,,,,,,,,,,
,,,,,,,,,,,,,,,,,,,,,
,,,,,,,,,,,,,,,,,,,,,
Score:,0,,,,,,,,,,,,,,,,,,,,
Date:,8/13/18,,,,,,,,,,,,,,,,,,,,
Time ended:,10:35,,,,,,,,,,,,,,,,,,,,
Initial:,GM,,,,,,,,,,,,,,,,,,,,
,,,,,,,,,,,,,,,,,,,,,
,,,,,,,,,,,,,,,,,,,,,
,,,,,,,,,,,,,,,,,,,,,
,,,,,,,,,,,,,,,,,,,,,
,,,,,,,,,,,,,,,,,,,,,
,,,,,,,,,,,,,,,,,,,,,
,,,,,,,,,,,,,,,,,,,,,
,,,,,,,,,,,,,,,,,,,,,
,,,,,,,,,,,,,,,,,,,,,
,,,,,,,,,,,,,,,,,,,,,
Score:,,,,,,,,,,,,,,,,,,,,,
Date:,,,,,,,,,,,,,,,,,,,,,
Time ended:,,,,,,,,,,,,,,,,,,,,,
Initial:,,,,,,,,,,,,,,,,,,,,,
,,,,,,,,,,,,,,,,,,,,,
,,,,,,,,,,,,,,,,,,,,,
,,,,,,,,,,,,,,,,,,,,,
,,,,,,,,,,,,,,,,,,,,,
,,,,,,,,,,,,,,,,,,,,,
,,,,,,,,,,,,,,,,,,,,,
,,,,,,,,,,,,,,,,,,,,,
,,,,,,,,,,,,,,,,,,,,,
,,,,,,,,,,,,,,,,,,,,,
,,,,,,,,,,,,,,,,,,,,,
Score:,,,,,,,,,,,,,,,,,,,,,
Date:,,,,,,,,,,,,,,,,,,,,,
Time ended:,,,,,,,,,,,,,,,,,,,,,
Initial:,,,,,,,,,,,,,,,,,,,,,
,,,,,,,,,,,,,,,,,,,,,
,,,,,,,,,,,,,,,,,,,,,
,,,,,,,,,,,,,,,,,,,,,
,,,,,,,,,,,,,,,,,,,,,
,,,,,,,,,,,,,,,,,,,,,
,,,,,,,,,,,,,,,,,,,,,
,,,,,,,,,,,,,,,,,,,,,
,,,,,,,,,,,,,,,,,,,,,
,,,,,,,,,,,,,,,,,,,,,
,,,,,,,,,,,,,,,,,,,,,
Score:,,,,,,,,,,,,,,,,,,,,,
Date:,,,,,,,,,,,,,,,,,,,,,
Time ended:,,,,,,,,,,,,,,,,,,,,,
Initial:,,,,,,,,,,,,,,,,,,,,,
,,,,,,,,,,,,,,,,,,,,,
,,,,,,,,,,,,,,,,,,,,,
,,,,,,,,,,,,,,,,,,,,,
,,,,,,,,,,,,,,,,,,,,,
,,,,,,,,,,,,,,,,,,,,,
,,,,,,,,,,,,,,,,,,,,,
,,,,,,,,,,,,,,,,,,,,,
,,,,,,,,,,,,,,,,,,,,,
,,,,,,,,,,,,,,,,,,,,,
,,,,,,,,,,,,,,,,,,,,,
Score:,,,,,,,,,,,,,,,,,,,,,
Date:,,,,,,,,,,,,,,,,,,,,,
Time ended:,,,,,,,,,,,,,,,,,,,,,
Initial:,,,,,,,,,,,,,,,,,,,,,
,,,,,,,,,,,,,,,,,,,,,
,,,,,,,,,,,,,,,,,,,,,
,,,,,,,,,,,,,,,,,,,,,
,,,,,,,,,,,,,,,,,,,,,
,,,,,,,,,,,,,,,,,,,,,
,,,,,,,,,,,,,,,,,,,,,
,,,,,,,,,,,,,,,,,,,,,
,,,,,,,,,,,,,,,,,,,,,
,,,,,,,,,,,,,,,,,,,,,
,,,,,,,,,,,,,,,,,,,,,
Score:,,,,,,,,,,,,,,,,,,,,,
Date:,,,,,,,,,,,,,,,,,,,,,
Time ended:,,,,,,,,,,,,,,,,,,,,,
Initial:,,,,,,,,,,,,,,,,,,,,,
,,,,,,,,,,,,,,,,,,,,,
,,,,,,,,,,,,,,,,,,,,,
,,,,,,,,,,,,,,,,,,,,,
,,,,,,,,,,,,,,,,,,,,,
,,,,,,,,,,,,,,,,,,,,,
,,,,,,,,,,,,,,,,,,,,,
,,,,,,,,,,,,,,,,,,,,,
,,,,,,,,,,,,,,,,,,,,,
,,,,,,,,,,,,,,,,,,,,,
,,,,,,,,,,,,,,,,,,,,,
Score:,,,,,,,,,,,,,,,,,,,,,
Date:,,,,,,,,,,,,,,,,,,,,,
Time ended:,,,,,,,,,,,,,,,,,,,,,
Initial:,,,,,,,,,,,,,,,,,,,,,
,,,,,,,,,,,,,,,,,,,,,
,,,,,,,,,,,,,,,,,,,,,
,,,,,,,,,,,,,,,,,,,,,
,,,,,,,,,,,,,,,,,,,,,
,,,,,,,,,,,,,,,,,,,,,
,,,,,,,,,,,,,,,,,,,,,
,,,,,,,,,,,,,,,,,,,,,
,,,,,,,,,,,,,,,,,,,,,
,,,,,,,,,,,,,,,,,,,,,
,,,,,,,,,,,,,,,,,,,,,
Score:,,,,,,,,,,,,,,,,,,,,,
Date:,,,,,,,,,,,,,,,,,,,,,
Time ended:,,,,,,,,,,,,,,,,,,,,,
Initial:,,,,,,,,,,,,,,,,,,,,,
,,,,,,,,,,,,,,,,,,,,,
,,,,,,,,,,,,,,,,,,,,,
,,,,,,,,,,,,,,,,,,,,,
,,,,,,,,,,,,,,,,,,,,,
,,,,,,,,,,,,,,,,,,,,,
,,,,,,,,,,,,,,,,,,,,,
,,,,,,,,,,,,,,,,,,,,,
,,,,,,,,,,,,,,,,,,,,,
,,,,,,,,,,,,,,,,,,,,,
,,,,,,,,,,,,,,,,,,,,,
Score:,,,,,,,,,,,,,,,,,,,,,
Date:,,,,,,,,,,,,,,,,,,,,,
Time ended:,,,,,,,,,,,,,,,,,,,,,
Initial:,,,,,,,,,,,,,,,,,,,,,
,,,,,,,,,,,,,,,,,,,,,
,,,,,,,,,,,,,,,,,,,,,
,,,,,,,,,,,,,,,,,,,,,
,,,,,,,,,,,,,,,,,,,,,
,,,,,,,,,,,,,,,,,,,,,
,,,,,,,,,,,,,,,,,,,,,
,,,,,,,,,,,,,,,,,,,,,
,,,,,,,,,,,,,,,,,,,,,
,,,,,,,,,,,,,,,,,,,,,
,,,,,,,,,,,,,,,,,,,,,
Score:,,,,,,,,,,,,,,,,,,,,,
Date:,,,,,,,,,,,,,,,,,,,,,
Time ended:,,,,,,,,,,,,,,,,,,,,,
Initial:,,,,,,,,,,,,,,,,,,,,,
,,,,,,,,,,,,,,,,,,,,,
,,,,,,,,,,,,,,,,,,,,,
,,,,,,,,,,,,,,,,,,,,,
,,,,,,,,,,,,,,,,,,,,,
,,,,,,,,,,,,,,,,,,,,,
,,,,,,,,,,,,,,,,,,,,,
,,,,,,,,,,,,,,,,,,,,,
,,,,,,,,,,,,,,,,,,,,,
,,,,,,,,,,,,,,,,,,,,,
,,,,,,,,,,,,,,,,,,,,,
Score:,,,,,,,,,,,,,,,,,,,,,
Date:,,,,,,,,,,,,,,,,,,,,,
Time ended:,,,,,,,,,,,,,,,,,,,,,
Initial:,,,,,,,,,,,,,,,,,,,,,
,,,,,,,,,,,,,,,,,,,,,
,,,,,,,,,,,,,,,,,,,,,
,,,,,,,,,,,,,,,,,,,,,
,,,,,,,,,,,,,,,,,,,,,
,,,,,,,,,,,,,,,,,,,,,
,,,,,,,,,,,,,,,,,,,,,
,,,,,,,,,,,,,,,,,,,,,
,,,,,,,,,,,,,,,,,,,,,
,,,,,,,,,,,,,,,,,,,,,
,,,,,,,,,,,,,,,,,,,,,
Score:,,,,,,,,,,,,,,,,,,,,,
Date:,,,,,,,,,,,,,,,,,,,,,
Time ended:,,,,,,,,,,,,,,,,,,,,,
Initial:,,,,,,,,,,,,,,,,,,,,,
,,,,,,,,,,,,,,,,,,,,,
,,,,,,,,,,,,,,,,,,,,,
,,,,,,,,,,,,,,,,,,,,,
,,,,,,,,,,,,,,,,,,,,,
,,,,,,,,,,,,,,,,,,,,,
,,,,,,,,,,,,,,,,,,,,,
,,,,,,,,,,,,,,,,,,,,,
,,,,,,,,,,,,,,,,,,,,,
,,,,,,,,,,,,,,,,,,,,,
,,,,,,,,,,,,,,,,,,,,,
Score:,,,,,,,,,,,,,,,,,,,,,
Date:,,,,,,,,,,,,,,,,,,,,,
Time ended:,,,,,,,,,,,,,,,,,,,,,
Initial:,,,,,,,,,,,,,,,,,,,,,
,,,,,,,,,,,,,,,,,,,,,
,,,,,,,,,,,,,,,,,,,,,
,,,,,,,,,,,,,,,,,,,,,
,,,,,,,,,,,,,,,,,,,,,
,,,,,,,,,,,,,,,,,,,,,
,,,,,,,,,,,,,,,,,,,,,
,,,,,,,,,,,,,,,,,,,,,
,,,,,,,,,,,,,,,,,,,,,
,,,,,,,,,,,,,,,,,,,,,
,,,,,,,,,,,,,,,,,,,,,
Score:,,,,,,,,,,,,,,,,,,,,,
Date:,,,,,,,,,,,,,,,,,,,,,
Time ended:,,,,,,,,,,,,,,,,,,,,,
Initial:,,,,,,,,,,,,,,,,,,,,,
,,,,,,,,,,,,,,,,,,,,,
,,,,,,,,,,,,,,,,,,,,,
,,,,,,,,,,,,,,,,,,,,,
,,,,,,,,,,,,,,,,,,,,,
,,,,,,,,,,,,,,,,,,,,,
,,,,,,,,,,,,,,,,,,,,,
,,,,,,,,,,,,,,,,,,,,,
,,,,,,,,,,,,,,,,,,,,,
,,,,,,,,,,,,,,,,,,,,,
,,,,,,,,,,,,,,,,,,,,,
Score:,,,,,,,,,,,,,,,,,,,,,
Date:,,,,,,,,,,,,,,,,,,,,,
Time ended:,,,,,,,,,,,,,,,,,,,,,
Initial:,,,,,,,,,,,,,,,,,,,,,
,,,,,,,,,,,,,,,,,,,,,
,,,,,,,,,,,,,,,,,,,,,
,,,,,,,,,,,,,,,,,,,,,
,,,,,,,,,,,,,,,,,,,,,
,,,,,,,,,,,,,,,,,,,,,
,,,,,,,,,,,,,,,,,,,,,
,,,,,,,,,,,,,,,,,,,,,
,,,,,,,,,,,,,,,,,,,,,
,,,,,,,,,,,,,,,,,,,,,
,,,,,,,,,,,,,,,,,,,,,
Score:,,,,,,,,,,,,,,,,,,,,,
Date:,,,,,,,,,,,,,,,,,,,,,
Time ended:,,,,,,,,,,,,,,,,,,,,,
Initial:,,,,,,,,,,,,,,,,,,,,,
,,,,,,,,,,,,,,,,,,,,,
,,,,,,,,,,,,,,,,,,,,,
,,,,,,,,,,,,,,,,,,,,,
,,,,,,,,,,,,,,,,,,,,,
,,,,,,,,,,,,,,,,,,,,,
,,,,,,,,,,,,,,,,,,,,,
,,,,,,,,,,,,,,,,,,,,,
,,,,,,,,,,,,,,,,,,,,,
,,,,,,,,,,,,,,,,,,,,,
,,,,,,,,,,,,,,,,,,,,,
Score:,,,,,,,,,,,,,,,,,,,,,
Date:,,,,,,,,,,,,,,,,,,,,,
Time ended:,,,,,,,,,,,,,,,,,,,,,
Initial:,,,,,,,,,,,,,,,,,,,,,
,,,,,,,,,,,,,,,,,,,,,
,,,,,,,,,,,,,,,,,,,,,
,,,,,,,,,,,,,,,,,,,,,
,,,,,,,,,,,,,,,,,,,,,
,,,,,,,,,,,,,,,,,,,,,
,,,,,,,,,,,,,,,,,,,,,
,,,,,,,,,,,,,,,,,,,,,
,,,,,,,,,,,,,,,,,,,,,
,,,,,,,,,,,,,,,,,,,,,
,,,,,,,,,,,,,,,,,,,,,
Score:,,,,,,,,,,,,,,,,,,,,,
Date:,,,,,,,,,,,,,,,,,,,,,
Time ended:,,,,,,,,,,,,,,,,,,,,,
Initial:,,,,,,,,,,,,,,,,,,,,,
,,,,,,,,,,,,,,,,,,,,,
,,,,,,,,,,,,,,,,,,,,,
,,,,,,,,,,,,,,,,,,,,,
,,,,,,,,,,,,,,,,,,,,,
,,,,,,,,,,,,,,,,,,,,,
,,,,,,,,,,,,,,,,,,,,,
,,,,,,,,,,,,,,,,,,,,,
,,,,,,,,,,,,,,,,,,,,,
,,,,,,,,,,,,,,,,,,,,,
,,,,,,,,,,,,,,,,,,,,,
Score:,,,,,,,,,,,,,,,,,,,,,
Date:,,,,,,,,,,,,,,,,,,,,,
Time ended:,,,,,,,,,,,,,,,,,,,,,
Initial:,,,,,,,,,,,,,,,,,,,,,
,,,,,,,,,,,,,,,,,,,,,
,,,,,,,,,,,,,,,,,,,,,
,,,,,,,,,,,,,,,,,,,,,
,,,,,,,,,,,,,,,,,,,,,
,,,,,,,,,,,,,,,,,,,,,
,,,,,,,,,,,,,,,,,,,,,
,,,,,,,,,,,,,,,,,,,,,
,,,,,,,,,,,,,,,,,,,,,
,,,,,,,,,,,,,,,,,,,,,
,,,,,,,,,,,,,,,,,,,,,
Score:,,,,,,,,,,,,,,,,,,,,,
Date:,,,,,,,,,,,,,,,,,,,,,
Time ended:,,,,,,,,,,,,,,,,,,,,,
Initial:,,,,,,,,,,,,,,,,,,,,,
,,,,,,,,,,,,,,,,,,,,,
,,,,,,,,,,,,,,,,,,,,,
,,,,,,,,,,,,,,,,,,,,,
,,,,,,,,,,,,,,,,,,,,,
,,,,,,,,,,,,,,,,,,,,,
,,,,,,,,,,,,,,,,,,,,,
,,,,,,,,,,,,,,,,,,,,,
,,,,,,,,,,,,,,,,,,,,,
,,,,,,,,,,,,,,,,,,,,,
,,,,,,,,,,,,,,,,,,,,,
Score:,,,,,,,,,,,,,,,,,,,,,
Date:,,,,,,,,,,,,,,,,,,,,,
Time ended:,,,,,,,,,,,,,,,,,,,,,
Initial:,,,,,,,,,,,,,,,,,,,,,
,,,,,,,,,,,,,,,,,,,,,
,,,,,,,,,,,,,,,,,,,,,
,,,,,,,,,,,,,,,,,,,,,
,,,,,,,,,,,,,,,,,,,,,
,,,,,,,,,,,,,,,,,,,,,
,,,,,,,,,,,,,,,,,,,,,
,,,,,,,,,,,,,,,,,,,,,
,,,,,,,,,,,,,,,,,,,,,
,,,,,,,,,,,,,,,,,,,,,
,,,,,,,,,,,,,,,,,,,,,
Score:,,,,,,,,,,,,,,,,,,,,,
Date:,,,,,,,,,,,,,,,,,,,,,
Time ended:,,,,,,,,,,,,,,,,,,,,,
Initial:,,,,,,,,,,,,,,,,,,,,,
,,,,,,,,,,,,,,,,,,,,,
,,,,,,,,,,,,,,,,,,,,,
,,,,,,,,,,,,,,,,,,,,,
,,,,,,,,,,,,,,,,,,,,,
,,,,,,,,,,,,,,,,,,,,,
,,,,,,,,,,,,,,,,,,,,,
,,,,,,,,,,,,,,,,,,,,,
,,,,,,,,,,,,,,,,,,,,,
,,,,,,,,,,,,,,,,,,,,,
,,,,,,,,,,,,,,,,,,,,,
Score:,,,,,,,,,,,,,,,,,,,,,
Date:,,,,,,,,,,,,,,,,,,,,,
Time ended:,,,,,,,,,,,,,,,,,,,,,
Initial:,,,,,,,,,,,,,,,,,,,,,
,,,,,,,,,,,,,,,,,,,,,
,,,,,,,,,,,,,,,,,,,,,
,,,,,,,,,,,,,,,,,,,,,
,,,,,,,,,,,,,,,,,,,,,
,,,,,,,,,,,,,,,,,,,,,
,,,,,,,,,,,,,,,,,,,,,
,,,,,,,,,,,,,,,,,,,,,
,,,,,,,,,,,,,,,,,,,,,
,,,,,,,,,,,,,,,,,,,,,
,,,,,,,,,,,,,,,,,,,,,
Score:,,,,,,,,,,,,,,,,,,,,,
Date:,,,,,,,,,,,,,,,,,,,,,
Time ended:,,,,,,,,,,,,,,,,,,,,,
Initial:,,,,,,,,,,,,,,,,,,,,,
,,,,,,,,,,,,,,,,,,,,,
,,,,,,,,,,,,,,,,,,,,,
,,,,,,,,,,,,,,,,,,,,,
,,,,,,,,,,,,,,,,,,,,,
,,,,,,,,,,,,,,,,,,,,,
,,,,,,,,,,,,,,,,,,,,,
,,,,,,,,,,,,,,,,,,,,,
,,,,,,,,,,,,,,,,,,,,,
,,,,,,,,,,,,,,,,,,,,,
,,,,,,,,,,,,,,,,,,,,,
Score:,,,,,,,,,,,,,,,,,,,,,
Date:,,,,,,,,,,,,,,,,,,,,,
Time ended:,,,,,,,,,,,,,,,,,,,,,
Initial:,,,,,,,,,,,,,,,,,,,,,
,,,,,,,,,,,,,,,,,,,,,
,,,,,,,,,,,,,,,,,,,,,
,,,,,,,,,,,,,,,,,,,,,
,,,,,,,,,,,,,,,,,,,,,
,,,,,,,,,,,,,,,,,,,,,
,,,,,,,,,,,,,,,,,,,,,
,,,,,,,,,,,,,,,,,,,,,
,,,,,,,,,,,,,,,,,,,,,
,,,,,,,,,,,,,,,,,,,,,
,,,,,,,,,,,,,,,,,,,,,
Score:,,,,,,,,,,,,,,,,,,,,8,
Date:,,,,,,,,,,,,,,,,,,,,,
Time Start:,,,,,,,,,,,,,,,,,,,,,
Time End:,,,,,,,,,,,,,,,,,,,,,
Initial:,,,,,,,,,,,,,,,,,,,,,
,,,,,,,,,,,,,,,,,,,,,
,,,,,,,,,,,,,,,,,,,,,
,,,,,,,,,,,,,,,,,,,,,R
,,,,,,,,,,,,,,,,,,,,,
,,,,,,,,,,,,,,,,,,,,,
,,,,,,,,,,,,,,,,,,,,,
,,,,,,,,,,,,,,,,,,,,,
,,,,,,,,,,,,,,,,,,,,,
,,,,,,,,,,,,,,,,,,,,,
Score:,,,,,,,,,,,,,,,,,,,,8,
Date:,,,,,,,,,,,,,,,,,,,,,
Time Start:,,,,,,,,,,,,,,,,,,,,,
Time End:,,,,,,,,,,,,,,,,,,,,,
Initial:,,,,,,,,,,,,,,,,,,,,,
,,,,,,,,,,,,,,,,,,,,,
,,,,,,,,,,,,,,,,,,,,,
,,,,,,,,,,,,,,,,,,,,,R
,,,,,,,,,,,,,,,,,,,,,
,,,,,,,,,,,,,,,,,,,,,
,,,,,,,,,,,,,,,,,,,,,
,,,,,,,,,,,,,,,,,,,,,
,,,,,,,,,,,,,,,,,,,,,
,,,,,,,,,,,,,,,,,,,,,
Score:,,,,,,,,,,,,,,,,,,,,8,
Date:,,,,,,,,,,,,,,,,,,,,,
Time Start:,,,,,,,,,,,,,,,,,,,,,
Time End:,,,,,,,,,,,,,,,,,,,,,
Initial:,,,,,,,,,,,,,,,,,,,,,
,,,,,,,,,,,,,,,,,,,,,
,,,,,,,,,,,,,,,,,,,,,
,,,,,,,,,,,,,,,,,,,,,R
,,,,,,,,,,,,,,,,,,,,,
,,,,,,,,,,,,,,,,,,,,,
,,,,,,,,,,,,,,,,,,,,,
,,,,,,,,,,,,,,,,,,,,,
,,,,,,,,,,,,,,,,,,,,,
,,,,,,,,,,,,,,,,,,,,,
Score:,,,,,,,,,,,,,,,,,,,,8,
Date:,,,,,,,,,,,,,,,,,,,,,
Time Start:,,,,,,,,,,,,,,,,,,,,,
Time End:,,,,,,,,,,,,,,,,,,,,,
Initial:,,,,,,,,,,,,,,,,,,,,,
,,,,,,,,,,,,,,,,,,,,,
,,,,,,,,,,,,,,,,,,,,,
,,,,,,,,,,,,,,,,,,,,,R
,,,,,,,,,,,,,,,,,,,,,
,,,,,,,,,,,,,,,,,,,,,
,,,,,,,,,,,,,,,,,,,,,
,,,,,,,,,,,,,,,,,,,,,
,,,,,,,,,,,,,,,,,,,,,
,,,,,,,,,,,,,,,,,,,,,
Score:,,,,,,,,,,,,,,,,,,,,8,
Date:,,,,,,,,,,,,,,,,,,,,,
Time Start:,,,,,,,,,,,,,,,,,,,,,
Time End:,,,,,,,,,,,,,,,,,,,,,
Initial:,,,,,,,,,,,,,,,,,,,,,
,,,,,,,,,,,,,,,,,,,,,
,,,,,,,,,,,,,,,,,,,,,
,,,,,,,,,,,,,,,,,,,,,R
,,,,,,,,,,,,,,,,,,,,,
,,,,,,,,,,,,,,,,,,,,,
,,,,,,,,,,,,,,,,,,,,,
,,,,,,,,,,,,,,,,,,,,,
,,,,,,,,,,,,,,,,,,,,,
,,,,,,,,,,,,,,,,,,,,,
Score:,,,,,,,,,,,,,,,,,,,,8,
Date:,,,,,,,,,,,,,,,,,,,,,
Time Start:,,,,,,,,,,,,,,,,,,,,,
Time End:,,,,,,,,,,,,,,,,,,,,,
Initial:,,,,,,,,,,,,,,,,,,,,,
,,,,,,,,,,,,,,,,,,,,,
,,,,,,,,,,,,,,,,,,,,,
,,,,,,,,,,,,,,,,,,,,,R
,,,,,,,,,,,,,,,,,,,,,
,,,,,,,,,,,,,,,,,,,,,
,,,,,,,,,,,,,,,,,,,,,
,,,,,,,,,,,,,,,,,,,,,
,,,,,,,,,,,,,,,,,,,,,
,,,,,,,,,,,,,,,,,,,,,
Score:,,,,,,,,,,,,,,,,,,,,8,
Date:,,,,,,,,,,,,,,,,,,,,,
Time Start:,,,,,,,,,,,,,,,,,,,,,
Time End:,,,,,,,,,,,,,,,,,,,,,
Initial:,,,,,,,,,,,,,,,,,,,,,
,,,,,,,,,,,,,,,,,,,,,
,,,,,,,,,,,,,,,,,,,,,
,,,,,,,,,,,,,,,,,,,,,R
,,,,,,,,,,,,,,,,,,,,,
,,,,,,,,,,,,,,,,,,,,,
,,,,,,,,,,,,,,,,,,,,,
,,,,,,,,,,,,,,,,,,,,,
,,,,,,,,,,,,,,,,,,,,,
,,,,,,,,,,,,,,,,,,,,,
Score:,,,,,,,,,,,,,,,,,,,,8,
Date:,,,,,,,,,,,,,,,,,,,,,
Time Start:,,,,,,,,,,,,,,,,,,,,,
Time End:,,,,,,,,,,,,,,,,,,,,,
Initial:,,,,,,,,,,,,,,,,,,,,,
,,,,,,,,,,,,,,,,,,,,,
,,,,,,,,,,,,,,,,,,,,,
,,,,,,,,,,,,,,,,,,,,,R
,,,,,,,,,,,,,,,,,,,,,
,,,,,,,,,,,,,,,,,,,,,
,,,,,,,,,,,,,,,,,,,,,
,,,,,,,,,,,,,,,,,,,,,
,,,,,,,,,,,,,,,,,,,,,
,,,,,,,,,,,,,,,,,,,,,
Score:,,,,,,,,,,,,,,,,,,,,8,
Date:,,,,,,,,,,,,,,,,,,,,,
Time Start:,,,,,,,,,,,,,,,,,,,,,
Time End:,,,,,,,,,,,,,,,,,,,,,
Initial:,,,,,,,,,,,,,,,,,,,,,
,,,,,,,,,,,,,,,,,,,,,
,,,,,,,,,,,,,,,,,,,,,
,,,,,,,,,,,,,,,,,,,,,R
,,,,,,,,,,,,,,,,,,,,,
,,,,,,,,,,,,,,,,,,,,,
,,,,,,,,,,,,,,,,,,,,,
,,,,,,,,,,,,,,,,,,,,,
,,,,,,,,,,,,,,,,,,,,,
,,,,,,,,,,,,,,,,,,,,,
Score:,,,,,,,,,,,,,,,,,,,,8,
Date:,,,,,,,,,,,,,,,,,,,,,
Time Start:,,,,,,,,,,,,,,,,,,,,,
Time End:,,,,,,,,,,,,,,,,,,,,,
Initial:,,,,,,,,,,,,,,,,,,,,,
,,,,,,,,,,,,,,,,,,,,,
,,,,,,,,,,,,,,,,,,,,,
,,,,,,,,,,,,,,,,,,,,,R
,,,,,,,,,,,,,,,,,,,,,
,,,,,,,,,,,,,,,,,,,,,
,,,,,,,,,,,,,,,,,,,,,
,,,,,,,,,,,,,,,,,,,,,
,,,,,,,,,,,,,,,,,,,,,
,,,,,,,,,,,,,,,,,,,,,
Score:,,,,,,,,,,,,,,,,,,,,8,
Date:,,,,,,,,,,,,,,,,,,,,,
Time Start:,,,,,,,,,,,,,,,,,,,,,
Time End:,,,,,,,,,,,,,,,,,,,,,
Initial:,,,,,,,,,,,,,,,,,,,,,
,,,,,,,,,,,,,,,,,,,,,
,,,,,,,,,,,,,,,,,,,,,
,,,,,,,,,,,,,,,,,,,,,R
,,,,,,,,,,,,,,,,,,,,,
,,,,,,,,,,,,,,,,,,,,,
,,,,,,,,,,,,,,,,,,,,,
,,,,,,,,,,,,,,,,,,,,,
,,,,,,,,,,,,,,,,,,,,,
,,,,,,,,,,,,,,,,,,,,,
Score:,,,,,,,,,,,,,,,,,,,,8,
Date:,,,,,,,,,,,,,,,,,,,,,
Time Start:,,,,,,,,,,,,,,,,,,,,,
Time End:,,,,,,,,,,,,,,,,,,,,,
Initial:,,,,,,,,,,,,,,,,,,,,,
,,,,,,,,,,,,,,,,,,,,,
,,,,,,,,,,,,,,,,,,,,,
,,,,,,,,,,,,,,,,,,,,,R
,,,,,,,,,,,,,,,,,,,,,
,,,,,,,,,,,,,,,,,,,,,
,,,,,,,,,,,,,,,,,,,,,
,,,,,,,,,,,,,,,,,,,,,
,,,,,,,,,,,,,,,,,,,,,
,,,,,,,,,,,,,,,,,,,,,
Score:,,,,,,,,,,,,,,,,,,,,8,
Date:,,,,,,,,,,,,,,,,,,,,,
Time Start:,,,,,,,,,,,,,,,,,,,,,
Time End:,,,,,,,,,,,,,,,,,,,,,
Initial:,,,,,,,,,,,,,,,,,,,,,
,,,,,,,,,,,,,,,,,,,,,
,,,,,,,,,,,,,,,,,,,,,
,,,,,,,,,,,,,,,,,,,,,R
,,,,,,,,,,,,,,,,,,,,,
,,,,,,,,,,,,,,,,,,,,,
,,,,,,,,,,,,,,,,,,,,,
,,,,,,,,,,,,,,,,,,,,,
,,,,,,,,,,,,,,,,,,,,,
,,,,,,,,,,,,,,,,,,,,,
Score:,,,,,,,,,,,,,,,,,,,,8,
Date:,,,,,,,,,,,,,,,,,,,,,
Time Start:,,,,,,,,,,,,,,,,,,,,,
Time End:,,,,,,,,,,,,,,,,,,,,,
Initial:,,,,,,,,,,,,,,,,,,,,,
,,,,,,,,,,,,,,,,,,,,,
,,,,,,,,,,,,,,,,,,,,,
,,,,,,,,,,,,,,,,,,,,,R
,,,,,,,,,,,,,,,,,,,,,
,,,,,,,,,,,,,,,,,,,,,
,,,,,,,,,,,,,,,,,,,,,
,,,,,,,,,,,,,,,,,,,,,
,,,,,,,,,,,,,,,,,,,,,
,,,,,,,,,,,,,,,,,,,,,
Score:,,,,,,,,,,,,,,,,,,,,8,
Date:,,,,,,,,,,,,,,,,,,,,,
Time Start:,,,,,,,,,,,,,,,,,,,,,
Time End:,,,,,,,,,,,,,,,,,,,,,
Initial:,,,,,,,,,,,,,,,,,,,,,
,,,,,,,,,,,,,,,,,,,,,
,,,,,,,,,,,,,,,,,,,,,
,,,,,,,,,,,,,,,,,,,,,R
,,,,,,,,,,,,,,,,,,,,,
,,,,,,,,,,,,,,,,,,,,,
,,,,,,,,,,,,,,,,,,,,,
,,,,,,,,,,,,,,,,,,,,,
,,,,,,,,,,,,,,,,,,,,,
,,,,,,,,,,,,,,,,,,,,,
Score:,,,,,,,,,,,,,,,,,,,,8,
Date:,,,,,,,,,,,,,,,,,,,,,
Time Start:,,,,,,,,,,,,,,,,,,,,,
Time End:,,,,,,,,,,,,,,,,,,,,,
Initial:,,,,,,,,,,,,,,,,,,,,,
,,,,,,,,,,,,,,,,,,,,,
,,,,,,,,,,,,,,,,,,,,,
,,,,,,,,,,,,,,,,,,,,,R
,,,,,,,,,,,,,,,,,,,,,
,,,,,,,,,,,,,,,,,,,,,
,,,,,,,,,,,,,,,,,,,,,
,,,,,,,,,,,,,,,,,,,,,
,,,,,,,,,,,,,,,,,,,,,
,,,,,,,,,,,,,,,,,,,,,
Score:,,,,,,,,,,,,,,,,,,,,8,
Date:,,,,,,,,,,,,,,,,,,,,,
Time Start:,,,,,,,,,,,,,,,,,,,,,
Time End:,,,,,,,,,,,,,,,,,,,,,
Initial:,,,,,,,,,,,,,,,,,,,,,
,,,,,,,,,,,,,,,,,,,,,
,,,,,,,,,,,,,,,,,,,,,
,,,,,,,,,,,,,,,,,,,,,R
,,,,,,,,,,,,,,,,,,,,,
,,,,,,,,,,,,,,,,,,,,,
,,,,,,,,,,,,,,,,,,,,,
,,,,,,,,,,,,,,,,,,,,,
,,,,,,,,,,,,,,,,,,,,,
,,,,,,,,,,,,,,,,,,,,,
Score:,,,,,,,,,,,,,,,,,,,,8,
Date:,,,,,,,,,,,,,,,,,,,,,
Time Start:,,,,,,,,,,,,,,,,,,,,,
Time End:,,,,,,,,,,,,,,,,,,,,,
Initial:,,,,,,,,,,,,,,,,,,,,,
,,,,,,,,,,,,,,,,,,,,,
,,,,,,,,,,,,,,,,,,,,,
,,,,,,,,,,,,,,,,,,,,,R
,,,,,,,,,,,,,,,,,,,,,
,,,,,,,,,,,,,,,,,,,,,
,,,,,,,,,,,,,,,,,,,,,
,,,,,,,,,,,,,,,,,,,,,
,,,,,,,,,,,,,,,,,,,,,
,,,,,,,,,,,,,,,,,,,,,
Score:,,,,,,,,,,,,,,,,,,,,8,
Date:,,,,,,,,,,,,,,,,,,,,,
Time Start:,,,,,,,,,,,,,,,,,,,,,
Time End:,,,,,,,,,,,,,,,,,,,,,
Initial:,,,,,,,,,,,,,,,,,,,,,
,,,,,,,,,,,,,,,,,,,,,
,,,,,,,,,,,,,,,,,,,,,
,,,,,,,,,,,,,,,,,,,,,R
,,,,,,,,,,,,,,,,,,,,,
,,,,,,,,,,,,,,,,,,,,,
,,,,,,,,,,,,,,,,,,,,,
,,,,,,,,,,,,,,,,,,,,,
,,,,,,,,,,,,,,,,,,,,,
,,,,,,,,,,,,,,,,,,,,,
Score:,,,,,,,,,,,,,,,,,,,,8,
Date:,,,,,,,,,,,,,,,,,,,,,
Time Start:,,,,,,,,,,,,,,,,,,,,,
Time End:,,,,,,,,,,,,,,,,,,,,,
Initial:,,,,,,,,,,,,,,,,,,,,,
,,,,,,,,,,,,,,,,,,,,,
,,,,,,,,,,,,,,,,,,,,,
,,,,,,,,,,,,,,,,,,,,,R
,,,,,,,,,,,,,,,,,,,,,
,,,,,,,,,,,,,,,,,,,,,
,,,,,,,,,,,,,,,,,,,,,
,,,,,,,,,,,,,,,,,,,,,
,,,,,,,,,,,,,,,,,,,,,
,,,,,,,,,,,,,,,,,,,,,
Score:,,,,,,,,,,,,,,,,,,,,8,
Date:,,,,,,,,,,,,,,,,,,,,,
Time Start:,,,,,,,,,,,,,,,,,,,,,
Time End:,,,,,,,,,,,,,,,,,,,,,
Initial:,,,,,,,,,,,,,,,,,,,,,
,,,,,,,,,,,,,,,,,,,,,
,,,,,,,,,,,,,,,,,,,,,
,,,,,,,,,,,,,,,,,,,,,R
,,,,,,,,,,,,,,,,,,,,,
,,,,,,,,,,,,,,,,,,,,,
,,,,,,,,,,,,,,,,,,,,,
,,,,,,,,,,,,,,,,,,,,,
,,,,,,,,,,,,,,,,,,,,,
,,,,,,,,,,,,,,,,,,,,,
Score:,,,,,,,,,,,,,,,,,,,,8,
Date:,,,,,,,,,,,,,,,,,,,,,
Time Start:,,,,,,,,,,,,,,,,,,,,,
Time End:,,,,,,,,,,,,,,,,,,,,,
Initial:,,,,,,,,,,,,,,,,,,,,,
,,,,,,,,,,,,,,,,,,,,,
,,,,,,,,,,,,,,,,,,,,,
,,,,,,,,,,,,,,,,,,,,,R
,,,,,,,,,,,,,,,,,,,,,
,,,,,,,,,,,,,,,,,,,,,
,,,,,,,,,,,,,,,,,,,,,
,,,,,,,,,,,,,,,,,,,,,
,,,,,,,,,,,,,,,,,,,,,
,,,,,,,,,,,,,,,,,,,,,
Score:,,,,,,,,,,,,,,,,,,,,8,
Date:,,,,,,,,,,,,,,,,,,,,,
Time Start:,,,,,,,,,,,,,,,,,,,,,
Time End:,,,,,,,,,,,,,,,,,,,,,
Initial:,,,,,,,,,,,,,,,,,,,,,
,,,,,,,,,,,,,,,,,,,,,
,,,,,,,,,,,,,,,,,,,,,
,,,,,,,,,,,,,,,,,,,,,R
,,,,,,,,,,,,,,,,,,,,,
,,,,,,,,,,,,,,,,,,,,,
,,,,,,,,,,,,,,,,,,,,,
,,,,,,,,,,,,,,,,,,,,,
,,,,,,,,,,,,,,,,,,,,,
,,,,,,,,,,,,,,,,,,,,,
Score:,,,,,,,,,,,,,,,,,,,,8,
Date:,,,,,,,,,,,,,,,,,,,,,
Time Start:,,,,,,,,,,,,,,,,,,,,,
Time End:,,,,,,,,,,,,,,,,,,,,,
Initial:,,,,,,,,,,,,,,,,,,,,,
,,,,,,,,,,,,,,,,,,,,,
,,,,,,,,,,,,,,,,,,,,,
,,,,,,,,,,,,,,,,,,,,,R
,,,,,,,,,,,,,,,,,,,,,
,,,,,,,,,,,,,,,,,,,,,
,,,,,,,,,,,,,,,,,,,,,
,,,,,,,,,,,,,,,,,,,,,
,,,,,,,,,,,,,,,,,,,,,
,,,,,,,,,,,,,,,,,,,,,
Score:,,,,,,,,,,,,,,,,,,,,8,
Date:,,,,,,,,,,,,,,,,,,,,,
Time Start:,,,,,,,,,,,,,,,,,,,,,
Time End:,,,,,,,,,,,,,,,,,,,,,
Initial:,,,,,,,,,,,,,,,,,,,,,
,,,,,,,,,,,,,,,,,,,,,
,,,,,,,,,,,,,,,,,,,,,
,,,,,,,,,,,,,,,,,,,,,R
,,,,,,,,,,,,,,,,,,,,,
,,,,,,,,,,,,,,,,,,,,,
,,,,,,,,,,,,,,,,,,,,,
,,,,,,,,,,,,,,,,,,,,,
,,,,,,,,,,,,,,,,,,,,,
,,,,,,,,,,,,,,,,,,,,,
Score:,,,,,,,,,,,,,,,,,,,,8,
Date:,,,,,,,,,,,,,,,,,,,,,
Time Start:,,,,,,,,,,,,,,,,,,,,,
Time End:,,,,,,,,,,,,,,,,,,,,,
Initial:,,,,,,,,,,,,,,,,,,,,,
,,,,,,,,,,,,,,,,,,,,,
,,,,,,,,,,,,,,,,,,,,,
,,,,,,,,,,,,,,,,,,,,,R
,,,,,,,,,,,,,,,,,,,,,
,,,,,,,,,,,,,,,,,,,,,
,,,,,,,,,,,,,,,,,,,,,
,,,,,,,,,,,,,,,,,,,,,
,,,,,,,,,,,,,,,,,,,,,
,,,,,,,,,,,,,,,,,,,,,
Score:,,,,,,,,,,,,,,,,,,,,8,
Date:,,,,,,,,,,,,,,,,,,,,,
Time Start:,,,,,,,,,,,,,,,,,,,,,
Time End:,,,,,,,,,,,,,,,,,,,,,
Initial:,,,,,,,,,,,,,,,,,,,,,
,,,,,,,,,,,,,,,,,,,,,
,,,,,,,,,,,,,,,,,,,,,
,,,,,,,,,,,,,,,,,,,,,R
,,,,,,,,,,,,,,,,,,,,,
,,,,,,,,,,,,,,,,,,,,,
,,,,,,,,,,,,,,,,,,,,,
,,,,,,,,,,,,,,,,,,,,,
,,,,,,,,,,,,,,,,,,,,,
,,,,,,,,,,,,,,,,,,,,,
Score:,,,,,,,,,,,,,,,,,,,,8,
Date:,,,,,,,,,,,,,,,,,,,,,
Time Start:,,,,,,,,,,,,,,,,,,,,,
Time End:,,,,,,,,,,,,,,,,,,,,,
Initial:,,,,,,,,,,,,,,,,,,,,,
,,,,,,,,,,,,,,,,,,,,,
,,,,,,,,,,,,,,,,,,,,,
,,,,,,,,,,,,,,,,,,,,,R
,,,,,,,,,,,,,,,,,,,,,
,,,,,,,,,,,,,,,,,,,,,
,,,,,,,,,,,,,,,,,,,,,
,,,,,,,,,,,,,,,,,,,,,
,,,,,,,,,,,,,,,,,,,,,
,,,,,,,,,,,,,,,,,,,,,
Score:,,,,,,,,,,,,,,,,,,,,8,
Date:,,,,,,,,,,,,,,,,,,,,,
Time Start:,,,,,,,,,,,,,,,,,,,,,
Time End:,,,,,,,,,,,,,,,,,,,,,
Initial:,,,,,,,,,,,,,,,,,,,,,
,,,,,,,,,,,,,,,,,,,,,
,,,,,,,,,,,,,,,,,,,,,
,,,,,,,,,,,,,,,,,,,,,R
,,,,,,,,,,,,,,,,,,,,,
,,,,,,,,,,,,,,,,,,,,,
,,,,,,,,,,,,,,,,,,,,,
,,,,,,,,,,,,,,,,,,,,,
,,,,,,,,,,,,,,,,,,,,,
,,,,,,,,,,,,,,,,,,,,,
Score:,,,,,,,,,,,,,,,,,,,,8,
Date:,,,,,,,,,,,,,,,,,,,,,
Time Start:,,,,,,,,,,,,,,,,,,,,,
Time End:,,,,,,,,,,,,,,,,,,,,,
Initial:,,,,,,,,,,,,,,,,,,,,,
,,,,,,,,,,,,,,,,,,,,,
,,,,,,,,,,,,,,,,,,,,,
,,,,,,,,,,,,,,,,,,,,,R
,,,,,,,,,,,,,,,,,,,,,
,,,,,,,,,,,,,,,,,,,,,
,,,,,,,,,,,,,,,,,,,,,
,,,,,,,,,,,,,,,,,,,,,
,,,,,,,,,,,,,,,,,,,,,
,,,,,,,,,,,,,,,,,,,,,
Score:,,,,,,,,,,,,,,,,,,,,8,
Date:,,,,,,,,,,,,,,,,,,,,,
Time Start:,,,,,,,,,,,,,,,,,,,,,
Time End:,,,,,,,,,,,,,,,,,,,,,
Initial:,,,,,,,,,,,,,,,,,,,,,
,,,,,,,,,,,,,,,,,,,,,
,,,,,,,,,,,,,,,,,,,,,
,,,,,,,,,,,,,,,,,,,,,R
,,,,,,,,,,,,,,,,,,,,,
,,,,,,,,,,,,,,,,,,,,,
,,,,,,,,,,,,,,,,,,,,,
,,,,,,,,,,,,,,,,,,,,,
,,,,,,,,,,,,,,,,,,,,,
,,,,,,,,,,,,,,,,,,,,,
Score:,,,,,,,,,,,,,,,,,,,,8,
Date:,,,,,,,,,,,,,,,,,,,,,
Time Start:,,,,,,,,,,,,,,,,,,,,,
Time End:,,,,,,,,,,,,,,,,,,,,,
Initial:,,,,,,,,,,,,,,,,,,,,,
,,,,,,,,,,,,,,,,,,,,,
,,,,,,,,,,,,,,,,,,,,,
,,,,,,,,,,,,,,,,,,,,,R
,,,,,,,,,,,,,,,,,,,,,
,,,,,,,,,,,,,,,,,,,,,
,,,,,,,,,,,,,,,,,,,,,
,,,,,,,,,,,,,,,,,,,,,
,,,,,,,,,,,,,,,,,,,,,
,,,,,,,,,,,,,,,,,,,,,
Score:,,,,,,,,,,,,,,,,,,,,8,
Date:,,,,,,,,,,,,,,,,,,,,,
Time Start:,,,,,,,,,,,,,,,,,,,,,
Time End:,,,,,,,,,,,,,,,,,,,,,
Initial:,,,,,,,,,,,,,,,,,,,,,
,,,,,,,,,,,,,,,,,,,,,
,,,,,,,,,,,,,,,,,,,,,
,,,,,,,,,,,,,,,,,,,,,R
,,,,,,,,,,,,,,,,,,,,,
,,,,,,,,,,,,,,,,,,,,,
,,,,,,,,,,,,,,,,,,,,,
,,,,,,,,,,,,,,,,,,,,,
,,,,,,,,,,,,,,,,,,,,,
,,,,,,,,,,,,,,,,,,,,,
Score:,,,,,,,,,,,,,,,,,,,,8,
Date:,,,,,,,,,,,,,,,,,,,,,
Time Start:,,,,,,,,,,,,,,,,,,,,,
Time End:,,,,,,,,,,,,,,,,,,,,,
Initial:,,,,,,,,,,,,,,,,,,,,,
,,,,,,,,,,,,,,,,,,,,,
,,,,,,,,,,,,,,,,,,,,,
,,,,,,,,,,,,,,,,,,,,,R
,,,,,,,,,,,,,,,,,,,,,
,,,,,,,,,,,,,,,,,,,,,
,,,,,,,,,,,,,,,,,,,,,
,,,,,,,,,,,,,,,,,,,,,
,,,,,,,,,,,,,,,,,,,,,
,,,,,,,,,,,,,,,,,,,,,
Score:,,,,,,,,,,,,,,,,,,,,8,
Date:,,,,,,,,,,,,,,,,,,,,,
Time Start:,,,,,,,,,,,,,,,,,,,,,
Time End:,,,,,,,,,,,,,,,,,,,,,
Initial:,,,,,,,,,,,,,,,,,,,,,
,,,,,,,,,,,,,,,,,,,,,
,,,,,,,,,,,,,,,,,,,,,
,,,,,,,,,,,,,,,,,,,,,R
,,,,,,,,,,,,,,,,,,,,,
,,,,,,,,,,,,,,,,,,,,,
,,,,,,,,,,,,,,,,,,,,,
,,,,,,,,,,,,,,,,,,,,,
,,,,,,,,,,,,,,,,,,,,,
,,,,,,,,,,,,,,,,,,,,,
Score:,,,,,,,,,,,,,,,,,,,,8,
Date:,,,,,,,,,,,,,,,,,,,,,
Time Start:,,,,,,,,,,,,,,,,,,,,,
Time End:,,,,,,,,,,,,,,,,,,,,,
Initial:,,,,,,,,,,,,,,,,,,,,,
,,,,,,,,,,,,,,,,,,,,,
,,,,,,,,,,,,,,,,,,,,,
,,,,,,,,,,,,,,,,,,,,,R
,,,,,,,,,,,,,,,,,,,,,
,,,,,,,,,,,,,,,,,,,,,
,,,,,,,,,,,,,,,,,,,,,
,,,,,,,,,,,,,,,,,,,,,
,,,,,,,,,,,,,,,,,,,,,
,,,,,,,,,,,,,,,,,,,,,
Score:,,,,,,,,,,,,,,,,,,,,8,
Date:,,,,,,,,,,,,,,,,,,,,,
Time Start:,,,,,,,,,,,,,,,,,,,,,
Time End:,,,,,,,,,,,,,,,,,,,,,
Initial:,,,,,,,,,,,,,,,,,,,,,
,,,,,,,,,,,,,,,,,,,,,
,,,,,,,,,,,,,,,,,,,,,
,,,,,,,,,,,,,,,,,,,,,R
,,,,,,,,,,,,,,,,,,,,,
,,,,,,,,,,,,,,,,,,,,,
,,,,,,,,,,,,,,,,,,,,,
,,,,,,,,,,,,,,,,,,,,,
,,,,,,,,,,,,,,,,,,,,,
,,,,,,,,,,,,,,,,,,,,,
Score:,,,,,,,,,,,,,,,,,,,,8,
Date:,,,,,,,,,,,,,,,,,,,,,
Time Start:,,,,,,,,,,,,,,,,,,,,,
Time End:,,,,,,,,,,,,,,,,,,,,,
Initial:,,,,,,,,,,,,,,,,,,,,,
,,,,,,,,,,,,,,,,,,,,,
,,,,,,,,,,,,,,,,,,,,,
,,,,,,,,,,,,,,,,,,,,,R
,,,,,,,,,,,,,,,,,,,,,
,,,,,,,,,,,,,,,,,,,,,
,,,,,,,,,,,,,,,,,,,,,
,,,,,,,,,,,,,,,,,,,,,
,,,,,,,,,,,,,,,,,,,,,
,,,,,,,,,,,,,,,,,,,,,
Score:,,,,,,,,,,,,,,,,,,,,8,
Date:,,,,,,,,,,,,,,,,,,,,,
Time Start:,,,,,,,,,,,,,,,,,,,,,
Time End:,,,,,,,,,,,,,,,,,,,,,
Initial:,,,,,,,,,,,,,,,,,,,,,
,,,,,,,,,,,,,,,,,,,,,
,,,,,,,,,,,,,,,,,,,,,
,,,,,,,,,,,,,,,,,,,,,R
,,,,,,,,,,,,,,,,,,,,,
,,,,,,,,,,,,,,,,,,,,,
,,,,,,,,,,,,,,,,,,,,,
,,,,,,,,,,,,,,,,,,,,,
,,,,,,,,,,,,,,,,,,,,,
,,,,,,,,,,,,,,,,,,,,,
Score:,,,,,,,,,,,,,,,,,,,,8,
Date:,,,,,,,,,,,,,,,,,,,,,
Time Start:,,,,,,,,,,,,,,,,,,,,,
Time End:,,,,,,,,,,,,,,,,,,,,,
Initial:,,,,,,,,,,,,,,,,,,,,,
,,,,,,,,,,,,,,,,,,,,,
,,,,,,,,,,,,,,,,,,,,,
,,,,,,,,,,,,,,,,,,,,,R
,,,,,,,,,,,,,,,,,,,,,
,,,,,,,,,,,,,,,,,,,,,
,,,,,,,,,,,,,,,,,,,,,
,,,,,,,,,,,,,,,,,,,,,
,,,,,,,,,,,,,,,,,,,,,
,,,,,,,,,,,,,,,,,,,,,
Score:,,,,,,,,,,,,,,,,,,,,8,
Date:,,,,,,,,,,,,,,,,,,,,,
Time Start:,,,,,,,,,,,,,,,,,,,,,
Time End:,,,,,,,,,,,,,,,,,,,,,
Initial:,,,,,,,,,,,,,,,,,,,,,
,,,,,,,,,,,,,,,,,,,,,
,,,,,,,,,,,,,,,,,,,,,
,,,,,,,,,,,,,,,,,,,,,R
,,,,,,,,,,,,,,,,,,,,,
,,,,,,,,,,,,,,,,,,,,,
,,,,,,,,,,,,,,,,,,,,,
,,,,,,,,,,,,,,,,,,,,,
,,,,,,,,,,,,,,,,,,,,,
,,,,,,,,,,,,,,,,,,,,,
Score:,,,,,,,,,,,,,,,,,,,,8,
Date:,,,,,,,,,,,,,,,,,,,,,
Time Start:,,,,,,,,,,,,,,,,,,,,,
Time End:,,,,,,,,,,,,,,,,,,,,,
Initial:,,,,,,,,,,,,,,,,,,,,,
,,,,,,,,,,,,,,,,,,,,,
,,,,,,,,,,,,,,,,,,,,,
,,,,,,,,,,,,,,,,,,,,,R
,,,,,,,,,,,,,,,,,,,,,
,,,,,,,,,,,,,,,,,,,,,
,,,,,,,,,,,,,,,,,,,,,
,,,,,,,,,,,,,,,,,,,,,
,,,,,,,,,,,,,,,,,,,,,
,,,,,,,,,,,,,,,,,,,,,
Score:,,,,,,,,,,,,,,,,,,,,8,
Date:,,,,,,,,,,,,,,,,,,,,,
Time Start:,,,,,,,,,,,,,,,,,,,,,
Time End:,,,,,,,,,,,,,,,,,,,,,
Initial:,,,,,,,,,,,,,,,,,,,,,
,,,,,,,,,,,,,,,,,,,,,
,,,,,,,,,,,,,,,,,,,,,
,,,,,,,,,,,,,,,,,,,,,R
,,,,,,,,,,,,,,,,,,,,,
,,,,,,,,,,,,,,,,,,,,,
,,,,,,,,,,,,,,,,,,,,,
,,,,,,,,,,,,,,,,,,,,,
,,,,,,,,,,,,,,,,,,,,,
,,,,,,,,,,,,,,,,,,,,,
Score:,,,,,,,,,,,,,,,,,,,,8,
Date:,,,,,,,,,,,,,,,,,,,,,
Time Start:,,,,,,,,,,,,,,,,,,,,,
Time End:,,,,,,,,,,,,,,,,,,,,,
Initial:,,,,,,,,,,,,,,,,,,,,,
,,,,,,,,,,,,,,,,,,,,,
,,,,,,,,,,,,,,,,,,,,,
,,,,,,,,,,,,,,,,,,,,,R
,,,,,,,,,,,,,,,,,,,,,
,,,,,,,,,,,,,,,,,,,,,
,,,,,,,,,,,,,,,,,,,,,
,,,,,,,,,,,,,,,,,,,,,
,,,,,,,,,,,,,,,,,,,,,
,,,,,,,,,,,,,,,,,,,,,
Score:,,,,,,,,,,,,,,,,,,,,8,
Date:,,,,,,,,,,,,,,,,,,,,,
Time Start:,,,,,,,,,,,,,,,,,,,,,
Time End:,,,,,,,,,,,,,,,,,,,,,
Initial:,,,,,,,,,,,,,,,,,,,,,
,,,,,,,,,,,,,,,,,,,,,
,,,,,,,,,,,,,,,,,,,,,
,,,,,,,,,,,,,,,,,,,,,R
,,,,,,,,,,,,,,,,,,,,,
,,,,,,,,,,,,,,,,,,,,,
,,,,,,,,,,,,,,,,,,,,,
,,,,,,,,,,,,,,,,,,,,,
,,,,,,,,,,,,,,,,,,,,,
,,,,,,,,,,,,,,,,,,,,,
Score:,,,,,,,,,,,,,,,,,,,,8,
Date:,,,,,,,,,,,,,,,,,,,,,
Time Start:,,,,,,,,,,,,,,,,,,,,,
Time End:,,,,,,,,,,,,,,,,,,,,,
Initial:,,,,,,,,,,,,,,,,,,,,,
,,,,,,,,,,,,,,,,,,,,,
,,,,,,,,,,,,,,,,,,,,,
,,,,,,,,,,,,,,,,,,,,,R
,,,,,,,,,,,,,,,,,,,,,
,,,,,,,,,,,,,,,,,,,,,
,,,,,,,,,,,,,,,,,,,,,
,,,,,,,,,,,,,,,,,,,,,
,,,,,,,,,,,,,,,,,,,,,
,,,,,,,,,,,,,,,,,,,,,
Score:,,,,,,,,,,,,,,,,,,,,8,
Date:,,,,,,,,,,,,,,,,,,,,,
Time Start:,,,,,,,,,,,,,,,,,,,,,
Time End:,,,,,,,,,,,,,,,,,,,,,
Initial:,,,,,,,,,,,,,,,,,,,,,
,,,,,,,,,,,,,,,,,,,,,
,,,,,,,,,,,,,,,,,,,,,
,,,,,,,,,,,,,,,,,,,,,R
,,,,,,,,,,,,,,,,,,,,,
,,,,,,,,,,,,,,,,,,,,,
,,,,,,,,,,,,,,,,,,,,,
,,,,,,,,,,,,,,,,,,,,,
,,,,,,,,,,,,,,,,,,,,,
,,,,,,,,,,,,,,,,,,,,,
Score:,,,,,,,,,,,,,,,,,,,,8,
Date:,,,,,,,,,,,,,,,,,,,,,
Time Start:,,,,,,,,,,,,,,,,,,,,,
Time End:,,,,,,,,,,,,,,,,,,,,,
Initial:,,,,,,,,,,,,,,,,,,,,,
,,,,,,,,,,,,,,,,,,,,,
,,,,,,,,,,,,,,,,,,,,,
,,,,,,,,,,,,,,,,,,,,,R
,,,,,,,,,,,,,,,,,,,,,
,,,,,,,,,,,,,,,,,,,,,
,,,,,,,,,,,,,,,,,,,,,
,,,,,,,,,,,,,,,,,,,,,
,,,,,,,,,,,,,,,,,,,,,
,,,,,,,,,,,,,,,,,,,,,
Score:,,,,,,,,,,,,,,,,,,,,8,
Date:,,,,,,,,,,,,,,,,,,,,,
Time Start:,,,,,,,,,,,,,,,,,,,,,
Time End:,,,,,,,,,,,,,,,,,,,,,
Initial:,,,,,,,,,,,,,,,,,,,,,
,,,,,,,,,,,,,,,,,,,,,
,,,,,,,,,,,,,,,,,,,,,
,,,,,,,,,,,,,,,,,,,,,R
,,,,,,,,,,,,,,,,,,,,,
,,,,,,,,,,,,,,,,,,,,,
,,,,,,,,,,,,,,,,,,,,,
,,,,,,,,,,,,,,,,,,,,,
,,,,,,,,,,,,,,,,,,,,,
,,,,,,,,,,,,,,,,,,,,,
Score:,,,,,,,,,,,,,,,,,,,,8,
Date:,,,,,,,,,,,,,,,,,,,,,
Time Start:,,,,,,,,,,,,,,,,,,,,,
Time End:,,,,,,,,,,,,,,,,,,,,,
Initial:,,,,,,,,,,,,,,,,,,,,,
,,,,,,,,,,,,,,,,,,,,,
,,,,,,,,,,,,,,,,,,,,,
,,,,,,,,,,,,,,,,,,,,,R
,,,,,,,,,,,,,,,,,,,,,
,,,,,,,,,,,,,,,,,,,,,
,,,,,,,,,,,,,,,,,,,,,
,,,,,,,,,,,,,,,,,,,,,
,,,,,,,,,,,,,,,,,,,,,
,,,,,,,,,,,,,,,,,,,,,
Score:,,,,,,,,,,,,,,,,,,,,8,
Date:,,,,,,,,,,,,,,,,,,,,,
Time Start:,,,,,,,,,,,,,,,,,,,,,
Time End:,,,,,,,,,,,,,,,,,,,,,
Initial:,,,,,,,,,,,,,,,,,,,,,
,,,,,,,,,,,,,,,,,,,,,
,,,,,,,,,,,,,,,,,,,,,
,,,,,,,,,,,,,,,,,,,,,R
,,,,,,,,,,,,,,,,,,,,,
,,,,,,,,,,,,,,,,,,,,,
,,,,,,,,,,,,,,,,,,,,,
,,,,,,,,,,,,,,,,,,,,,
,,,,,,,,,,,,,,,,,,,,,
,,,,,,,,,,,,,,,,,,,,,
Score:,,,,,,,,,,,,,,,,,,,,8,
Date:,,,,,,,,,,,,,,,,,,,,,
Time Start:,,,,,,,,,,,,,,,,,,,,,
Time End:,,,,,,,,,,,,,,,,,,,,,
Initial:,,,,,,,,,,,,,,,,,,,,,
,,,,,,,,,,,,,,,,,,,,,
,,,,,,,,,,,,,,,,,,,,,
,,,,,,,,,,,,,,,,,,,,,R
,,,,,,,,,,,,,,,,,,,,,
,,,,,,,,,,,,,,,,,,,,,
,,,,,,,,,,,,,,,,,,,,,
,,,,,,,,,,,,,,,,,,,,,
,,,,,,,,,,,,,,,,,,,,,
,,,,,,,,,,,,,,,,,,,,,
Score:,,,,,,,,,,,,,,,,,,,,8,
Date:,,,,,,,,,,,,,,,,,,,,,
Time Start:,,,,,,,,,,,,,,,,,,,,,
Time End:,,,,,,,,,,,,,,,,,,,,,
Initial:,,,,,,,,,,,,,,,,,,,,,
,,,,,,,,,,,,,,,,,,,,,
,,,,,,,,,,,,,,,,,,,,,
,,,,,,,,,,,,,,,,,,,,,R
,,,,,,,,,,,,,,,,,,,,,
,,,,,,,,,,,,,,,,,,,,,
,,,,,,,,,,,,,,,,,,,,,
,,,,,,,,,,,,,,,,,,,,,
,,,,,,,,,,,,,,,,,,,,,
,,,,,,,,,,,,,,,,,,,,,
Score:,,,,,,,,,,,,,,,,,,,,8,
Date:,,,,,,,,,,,,,,,,,,,,,
Time Start:,,,,,,,,,,,,,,,,,,,,,
Time End:,,,,,,,,,,,,,,,,,,,,,
Initial:,,,,,,,,,,,,,,,,,,,,,
,,,,,,,,,,,,,,,,,,,,,
,,,,,,,,,,,,,,,,,,,,,
,,,,,,,,,,,,,,,,,,,,,R
,,,,,,,,,,,,,,,,,,,,,
,,,,,,,,,,,,,,,,,,,,,
,,,,,,,,,,,,,,,,,,,,,
,,,,,,,,,,,,,,,,,,,,,
,,,,,,,,,,,,,,,,,,,,,
,,,,,,,,,,,,,,,,,,,,,
Score:,,,,,,,,,,,,,,,,,,,,8,
Date:,,,,,,,,,,,,,,,,,,,,,
Time Start:,,,,,,,,,,,,,,,,,,,,,
Time End:,,,,,,,,,,,,,,,,,,,,,
Initial:,,,,,,,,,,,,,,,,,,,,,
,,,,,,,,,,,,,,,,,,,,,
,,,,,,,,,,,,,,,,,,,,,
,,,,,,,,,,,,,,,,,,,,,R
,,,,,,,,,,,,,,,,,,,,,
,,,,,,,,,,,,,,,,,,,,,
,,,,,,,,,,,,,,,,,,,,,
,,,,,,,,,,,,,,,,,,,,,
,,,,,,,,,,,,,,,,,,,,,
,,,,,,,,,,,,,,,,,,,,,
Score:,,,,,,,,,,,,,,,,,,,,8,
Date:,,,,,,,,,,,,,,,,,,,,,
Time Start:,,,,,,,,,,,,,,,,,,,,,
Time End:,,,,,,,,,,,,,,,,,,,,,
Initial:,,,,,,,,,,,,,,,,,,,,,
,,,,,,,,,,,,,,,,,,,,,
,,,,,,,,,,,,,,,,,,,,,
,,,,,,,,,,,,,,,,,,,,,R
,,,,,,,,,,,,,,,,,,,,,
,,,,,,,,,,,,,,,,,,,,,
,,,,,,,,,,,,,,,,,,,,,
,,,,,,,,,,,,,,,,,,,,,
,,,,,,,,,,,,,,,,,,,,,
,,,,,,,,,,,,,,,,,,,,,
Score:,,,,,,,,,,,,,,,,,,,,8,
Date:,,,,,,,,,,,,,,,,,,,,,
Time Start:,,,,,,,,,,,,,,,,,,,,,
Time End:,,,,,,,,,,,,,,,,,,,,,
Initial:,,,,,,,,,,,,,,,,,,,,,
,,,,,,,,,,,,,,,,,,,,,
,,,,,,,,,,,,,,,,,,,,,
,,,,,,,,,,,,,,,,,,,,,R
,,,,,,,,,,,,,,,,,,,,,
,,,,,,,,,,,,,,,,,,,,,
,,,,,,,,,,,,,,,,,,,,,
,,,,,,,,,,,,,,,,,,,,,
,,,,,,,,,,,,,,,,,,,,,
,,,,,,,,,,,,,,,,,,,,,
Score:,,,,,,,,,,,,,,,,,,,,8,
Date:,,,,,,,,,,,,,,,,,,,,,
Time Start:,,,,,,,,,,,,,,,,,,,,,
Time End:,,,,,,,,,,,,,,,,,,,,,
Initial:,,,,,,,,,,,,,,,,,,,,,
,,,,,,,,,,,,,,,,,,,,,
,,,,,,,,,,,,,,,,,,,,,
,,,,,,,,,,,,,,,,,,,,,R
,,,,,,,,,,,,,,,,,,,,,
,,,,,,,,,,,,,,,,,,,,,
,,,,,,,,,,,,,,,,,,,,,
,,,,,,,,,,,,,,,,,,,,,
,,,,,,,,,,,,,,,,,,,,,
,,,,,,,,,,,,,,,,,,,,,
Score:,,,,,,,,,,,,,,,,,,,,8,
Date:,,,,,,,,,,,,,,,,,,,,,
Time Start:,,,,,,,,,,,,,,,,,,,,,
Time End:,,,,,,,,,,,,,,,,,,,,,
Initial:,,,,,,,,,,,,,,,,,,,,,
,,,,,,,,,,,,,,,,,,,,,
,,,,,,,,,,,,,,,,,,,,,
,,,,,,,,,,,,,,,,,,,,,R
,,,,,,,,,,,,,,,,,,,,,
,,,,,,,,,,,,,,,,,,,,,
,,,,,,,,,,,,,,,,,,,,,
,,,,,,,,,,,,,,,,,,,,,
,,,,,,,,,,,,,,,,,,,,,
,,,,,,,,,,,,,,,,,,,,,
Score:,,,,,,,,,,,,,,,,,,,,8,
Date:,,,,,,,,,,,,,,,,,,,,,
Time Start:,,,,,,,,,,,,,,,,,,,,,
Time End:,,,,,,,,,,,,,,,,,,,,,
Initial:,,,,,,,,,,,,,,,,,,,,,
,,,,,,,,,,,,,,,,,,,,,
,,,,,,,,,,,,,,,,,,,,,
,,,,,,,,,,,,,,,,,,,,,R
,,,,,,,,,,,,,,,,,,,,,
,,,,,,,,,,,,,,,,,,,,,
,,,,,,,,,,,,,,,,,,,,,
,,,,,,,,,,,,,,,,,,,,,
,,,,,,,,,,,,,,,,,,,,,
,,,,,,,,,,,,,,,,,,,,,
Score:,,,,,,,,,,,,,,,,,,,,8,
Date:,,,,,,,,,,,,,,,,,,,,,
Time Start:,,,,,,,,,,,,,,,,,,,,,
Time End:,,,,,,,,,,,,,,,,,,,,,
Initial:,,,,,,,,,,,,,,,,,,,,,
,,,,,,,,,,,,,,,,,,,,,
,,,,,,,,,,,,,,,,,,,,,
,,,,,,,,,,,,,,,,,,,,,R
,,,,,,,,,,,,,,,,,,,,,
,,,,,,,,,,,,,,,,,,,,,
,,,,,,,,,,,,,,,,,,,,,
,,,,,,,,,,,,,,,,,,,,,
,,,,,,,,,,,,,,,,,,,,,
,,,,,,,,,,,,,,,,,,,,,
Score:,,,,,,,,,,,,,,,,,,,,8,
Date:,,,,,,,,,,,,,,,,,,,,,
Time Start:,,,,,,,,,,,,,,,,,,,,,
Time End:,,,,,,,,,,,,,,,,,,,,,
Initial:,,,,,,,,,,,,,,,,,,,,,
,,,,,,,,,,,,,,,,,,,,,
,,,,,,,,,,,,,,,,,,,,,
,,,,,,,,,,,,,,,,,,,,,R
,,,,,,,,,,,,,,,,,,,,,
,,,,,,,,,,,,,,,,,,,,,
,,,,,,,,,,,,,,,,,,,,,
,,,,,,,,,,,,,,,,,,,,,
,,,,,,,,,,,,,,,,,,,,,
,,,,,,,,,,,,,,,,,,,,,
Score:,,,,,,,,,,,,,,,,,,,,8,
Date:,,,,,,,,,,,,,,,,,,,,,
Time Start:,,,,,,,,,,,,,,,,,,,,,
Time End:,,,,,,,,,,,,,,,,,,,,,
Initial:,,,,,,,,,,,,,,,,,,,,,
,,,,,,,,,,,,,,,,,,,,,
,,,,,,,,,,,,,,,,,,,,,
,,,,,,,,,,,,,,,,,,,,,R